timesteps, 0, 1, 2, 3, 4, 5, 6, 7, 8, 9, 10, 11, 12, 13, 14, 17, 18, 19, 20, 21, 29, 30, 38, 40, 45, 48
events, 81, 47, 29, 31, 16, 5, 7, 10, 5, 6, 4, 1, 1, 3, 1, 1, 1, 2, 1, 1, 1, 3, 1, 1, 1, 2
sus, 665, 664, 662, 661, 659, 659, 658, 657, 657, 656, 656, 656, 656, 656, 656, 656, 656, 656, 656, 656, 656, 655, 655, 655, 655, 655
exp, 4, 4, 6, 7, 8, 8, 8, 9, 6, 7, 6, 5, 5, 4, 4, 4, 3, 3, 2, 2, 1, 2, 1, 1, 0, 0
inf, 62, 42, 26, 14, 10, 8, 6, 2, 4, 1, 1, 2, 1, 1, 1, 0, 1, 0, 1, 0, 1, 0, 1, 0, 1, 0
dead, 16, 10, 14, 8, 3, 2, 2, 0, 0, 1, 0, 0, 1, 1, 0, 0, 0, 0, 0, 0, 0, 0, 0, 0, 0, 0
rec, 9, 12, 13, 13, 15, 15, 16, 17, 17, 17, 17, 17, 17, 17, 17, 18, 18, 18, 18, 19, 19, 19, 19, 20, 20, 20
rem, 25, 49, 60, 78, 86, 89, 91, 96, 97, 99, 101, 101, 101, 102, 103, 103, 103, 104, 104, 104, 104, 105, 105, 105, 105, 106
timesteps, 0, 1, 2, 3, 4, 5, 6, 7, 8, 9, 10, 11, 12, 13, 34, 17, 18, 19, 36, 35
events, 65, 49, 35, 12, 15, 7, 2, 3, 4, 2, 5, 1, 1, 1, 1, 1, 1, 3, 3, 1
sus, 683, 678, 677, 676, 676, 676, 676, 676, 676, 676, 676, 676, 675, 675, 675, 675, 675, 675, 675, 675
exp, 1, 6, 7, 7, 5, 5, 5, 5, 4, 4, 3, 3, 4, 4, 1, 3, 2, 2, 0, 0
inf, 54, 35, 19, 15, 10, 6, 5, 3, 3, 2, 1, 0, 0, 0, 1, 1, 2, 0, 0, 2
dead, 17, 8, 3, 2, 1, 1, 1, 2, 1, 0, 0, 1, 1, 0, 0, 0, 0, 0, 0, 0
rec, 5, 8, 11, 12, 14, 15, 15, 15, 15, 16, 16, 16, 16, 16, 17, 16, 16, 17, 18, 17
rem, 21, 46, 64, 69, 75, 78, 79, 80, 82, 83, 85, 85, 85, 86, 87, 86, 86, 87, 88, 87
timesteps, 0, 1, 2, 3, 4, 5, 6, 7, 8, 9, 11, 13, 16, 17, 18, 19, 20, 21, 22, 23, 26, 27
events, 85, 45, 31, 18, 26, 6, 4, 2, 8, 2, 4, 1, 1, 1, 2, 1, 2, 1, 2, 1, 3, 1
sus, 664, 663, 663, 663, 660, 659, 658, 658, 658, 658, 658, 658, 658, 658, 658, 658, 657, 657, 657, 657, 657, 657
exp, 5, 6, 4, 4, 7, 7, 8, 7, 5, 5, 4, 4, 3, 3, 2, 1, 2, 1, 1, 0, 0, 0
inf, 62, 35, 24, 17, 6, 5, 3, 4, 3, 1, 1, 0, 1, 0, 1, 2, 1, 2, 1, 2, 0, 0
dead, 13, 15, 10, 4, 1, 1, 1, 0, 0, 1, 0, 0, 0, 1, 0, 0, 1, 1, 0, 0, 1, 0
rec, 9, 17, 19, 21, 23, 23, 24, 24, 24, 25, 25, 26, 26, 26, 26, 26, 26, 26, 27, 27, 27, 27
rem, 28, 45, 61, 72, 84, 86, 87, 88, 91, 91, 93, 93, 93, 93, 94, 94, 94, 94, 95, 95, 96, 97
timesteps, 0, 1, 2, 3, 4, 5, 6, 7, 8, 9, 11, 12, 15, 18, 19, 20, 24, 36, 38
events, 82, 34, 28, 9, 14, 11, 1, 3, 2, 2, 2, 2, 2, 2, 3, 1, 2, 1, 2
sus, 687, 686, 683, 683, 681, 681, 681, 681, 681, 681, 681, 681, 681, 681, 681, 681, 681, 681, 681
exp, 5, 5, 8, 7, 8, 7, 7, 6, 6, 4, 4, 4, 4, 2, 2, 1, 1, 0, 0
inf, 41, 24, 10, 9, 6, 3, 2, 2, 1, 3, 2, 1, 0, 2, 0, 1, 0, 1, 0
dead, 7, 8, 9, 5, 2, 0, 0, 0, 0, 0, 0, 0, 0, 0, 0, 0, 0, 0, 0
rec, 12, 15, 17, 17, 17, 17, 18, 18, 18, 18, 18, 18, 18, 18, 19, 19, 19, 19, 19
rem, 29, 43, 54, 60, 67, 73, 73, 74, 75, 75, 76, 77, 78, 78, 79, 79, 80, 80, 81
timesteps, 0, 1, 2, 3, 4, 5, 6, 7, 9, 10, 11, 13, 14, 15, 16, 20, 21, 22, 23, 24, 25, 26, 33, 34, 35
events, 73, 38, 22, 19, 16, 8, 8, 5, 8, 1, 3, 2, 1, 1, 2, 1, 1, 2, 3, 1, 2, 3, 3, 1, 1
sus, 680, 678, 677, 676, 675, 675, 674, 674, 673, 673, 673, 673, 673, 673, 673, 673, 673, 673, 673, 672, 672, 672, 671, 671, 671
exp, 3, 5, 6, 7, 8, 7, 7, 6, 6, 6, 5, 5, 4, 4, 3, 2, 2, 1, 0, 1, 0, 0, 1, 0, 0
inf, 56, 35, 25, 15, 9, 7, 5, 4, 1, 0, 1, 0, 1, 0, 1, 2, 1, 2, 2, 2, 2, 1, 0, 1, 0
dead, 8, 8, 6, 6, 2, 0, 0, 0, 1, 2, 0, 0, 0, 1, 0, 0, 1, 0, 0, 0, 1, 0, 0, 0, 0
rec, 6, 12, 13, 15, 16, 17, 17, 17, 18, 18, 18, 18, 18, 18, 18, 18, 18, 18, 18, 18, 18, 18, 18, 18, 19
rem, 28, 43, 54, 62, 71, 75, 78, 80, 82, 82, 84, 85, 85, 85, 86, 86, 86, 87, 88, 88, 88, 90, 91, 91, 91
timesteps, 0, 1, 2, 3, 4, 5, 6, 7, 9, 10, 13, 15, 16, 17, 19, 32, 23, 24, 26, 27, 31
events, 69, 59, 32, 19, 14, 4, 4, 1, 3, 2, 2, 2, 1, 2, 2, 1, 1, 1, 1, 1, 1
sus, 675, 673, 671, 670, 670, 670, 670, 670, 670, 670, 670, 670, 670, 670, 669, 669, 669, 669, 669, 669, 669
exp, 3, 5, 7, 6, 6, 5, 5, 5, 4, 4, 2, 1, 1, 1, 2, 0, 1, 1, 1, 0, 0
inf, 59, 30, 16, 10, 3, 2, 1, 1, 1, 0, 2, 2, 2, 1, 0, 0, 1, 0, 0, 1, 0
dead, 11, 10, 4, 2, 2, 3, 1, 0, 0, 0, 0, 1, 0, 0, 0, 0, 0, 1, 0, 0, 1
rec, 11, 13, 17, 19, 19, 19, 19, 19, 19, 19, 19, 19, 19, 19, 20, 20, 20, 20, 20, 20, 20
rem, 22, 50, 66, 74, 81, 82, 85, 86, 87, 88, 88, 88, 89, 90, 90, 92, 90, 90, 91, 91, 91
timesteps, 0, 1, 2, 3, 4, 5, 6, 7, 8, 9, 10, 11, 12, 13, 15, 16, 17, 18, 27, 28, 32, 33, 39, 42
events, 57, 45, 32, 14, 18, 13, 6, 11, 6, 6, 5, 2, 1, 2, 2, 1, 2, 1, 1, 1, 3, 1, 1, 1
sus, 685, 683, 680, 678, 675, 674, 674, 673, 673, 673, 672, 672, 672, 672, 672, 672, 672, 672, 672, 672, 672, 672, 672, 672
exp, 4, 6, 9, 11, 11, 10, 8, 7, 7, 5, 6, 6, 5, 4, 4, 3, 3, 3, 2, 1, 1, 1, 0, 0
inf, 59, 35, 21, 14, 10, 9, 9, 7, 4, 4, 2, 1, 2, 2, 1, 2, 1, 0, 1, 2, 0, 0, 1, 0
dead, 7, 7, 3, 4, 5, 0, 0, 0, 0, 0, 0, 0, 0, 0, 0, 0, 0, 0, 0, 0, 1, 0, 0, 0
rec, 6, 11, 14, 15, 16, 17, 17, 17, 17, 17, 17, 17, 17, 18, 18, 18, 18, 19, 19, 19, 19, 19, 19, 20
rem, 20, 39, 54, 59, 64, 71, 73, 77, 80, 82, 84, 85, 85, 85, 86, 86, 87, 87, 87, 87, 88, 89, 89, 89
timesteps, 0, 1, 2, 3, 4, 5, 6, 7, 8, 9, 11, 12, 13, 18, 21, 54, 25, 26, 28, 58
events, 56, 51, 36, 16, 14, 7, 11, 5, 2, 2, 2, 1, 1, 1, 2, 1, 2, 2, 2, 2
sus, 678, 677, 676, 675, 673, 672, 671, 671, 671, 671, 671, 671, 671, 671, 671, 671, 671, 671, 671, 671
exp, 2, 3, 4, 4, 6, 6, 6, 5, 5, 4, 4, 4, 4, 3, 3, 0, 1, 1, 1, 0
inf, 67, 37, 19, 13, 8, 7, 3, 3, 1, 1, 1, 0, 0, 1, 0, 1, 2, 1, 0, 0
dead, 7, 11, 8, 7, 5, 4, 3, 1, 1, 2, 0, 1, 0, 0, 0, 0, 0, 0, 0, 0
rec, 9, 15, 19, 20, 20, 20, 22, 22, 24, 24, 24, 24, 24, 24, 24, 24, 24, 24, 24, 24
rem, 18, 38, 55, 62, 69, 72, 76, 79, 79, 79, 81, 81, 82, 82, 83, 85, 83, 84, 85, 86
timesteps, 0, 1, 2, 3, 4, 5, 6, 7, 8, 9, 10, 11, 13, 14, 15, 16, 19, 21, 23, 24, 25, 27, 30, 35, 36, 45, 54, 56, 57
events, 70, 41, 35, 30, 14, 8, 7, 2, 5, 1, 2, 1, 3, 1, 1, 4, 2, 3, 1, 1, 2, 1, 1, 1, 2, 1, 1, 1, 2
sus, 670, 668, 663, 662, 662, 661, 660, 660, 660, 660, 660, 660, 660, 660, 660, 660, 660, 660, 660, 660, 660, 660, 660, 660, 660, 660, 660, 660, 660
exp, 7, 8, 11, 11, 11, 11, 12, 10, 10, 9, 9, 9, 9, 8, 7, 7, 5, 4, 4, 4, 4, 3, 3, 2, 2, 1, 0, 0, 0
inf, 62, 41, 29, 15, 8, 6, 3, 5, 2, 3, 2, 1, 0, 1, 2, 0, 2, 2, 1, 1, 0, 1, 0, 1, 0, 1, 2, 1, 0
dead, 12, 9, 5, 5, 2, 1, 0, 0, 0, 0, 0, 1, 0, 0, 0, 0, 0, 0, 1, 0, 0, 0, 0, 0, 0, 0, 0, 0, 0
rec, 9, 18, 22, 24, 27, 28, 29, 29, 30, 30, 30, 30, 30, 30, 30, 30, 30, 30, 30, 30, 30, 30, 31, 31, 31, 31, 31, 32, 32
rem, 21, 37, 51, 64, 71, 74, 77, 77, 79, 79, 80, 80, 82, 82, 82, 84, 84, 85, 85, 86, 87, 87, 87, 87, 88, 88, 88, 88, 89
timesteps, 0, 1, 2, 3, 4, 5, 6, 7, 8, 10, 12, 13, 14, 17, 18, 19, 20, 21, 23, 33, 35
events, 81, 59, 34, 18, 11, 10, 5, 2, 2, 2, 1, 2, 1, 2, 1, 1, 1, 2, 2, 1, 2
sus, 668, 667, 666, 665, 665, 663, 663, 663, 663, 663, 663, 663, 663, 663, 663, 663, 662, 662, 662, 662, 662
exp, 3, 2, 3, 4, 4, 6, 5, 5, 4, 4, 3, 3, 2, 1, 1, 0, 1, 1, 1, 0, 0
inf, 62, 35, 19, 10, 6, 2, 2, 1, 1, 0, 1, 0, 1, 1, 1, 2, 2, 1, 0, 1, 0
dead, 13, 10, 7, 7, 3, 2, 0, 0, 0, 0, 0, 0, 0, 1, 0, 0, 0, 0, 0, 0, 0
rec, 7, 12, 14, 15, 16, 17, 17, 17, 18, 18, 18, 18, 18, 18, 18, 18, 18, 18, 18, 18, 18
rem, 28, 55, 72, 80, 87, 91, 94, 95, 95, 96, 96, 97, 97, 97, 98, 98, 98, 99, 100, 100, 101
timesteps, 0, 1, 2, 3, 4, 5, 6, 7, 9, 11, 12, 13, 14, 15, 16, 17, 18, 19, 20, 21, 22, 26, 27, 28, 32, 34, 44, 45
events, 68, 48, 34, 21, 13, 6, 1, 2, 1, 2, 1, 1, 3, 4, 6, 2, 1, 1, 1, 4, 2, 1, 3, 2, 1, 2, 1, 1
sus, 678, 678, 674, 673, 672, 671, 671, 671, 671, 671, 671, 671, 671, 671, 670, 670, 670, 670, 670, 670, 670, 670, 670, 670, 670, 670, 670, 670
exp, 7, 7, 10, 11, 12, 13, 13, 13, 12, 12, 11, 10, 9, 7, 7, 7, 7, 6, 5, 4, 4, 3, 2, 2, 1, 1, 0, 0
inf, 56, 31, 17, 9, 3, 1, 1, 0, 1, 0, 1, 2, 2, 3, 2, 1, 0, 1, 2, 1, 0, 1, 1, 0, 1, 0, 1, 0
dead, 10, 10, 9, 4, 2, 1, 0, 0, 0, 0, 0, 0, 0, 0, 0, 0, 0, 0, 0, 0, 0, 0, 0, 0, 0, 0, 0, 0
rec, 9, 11, 13, 14, 16, 16, 16, 16, 16, 16, 16, 16, 16, 16, 16, 16, 17, 17, 17, 18, 18, 18, 18, 18, 18, 18, 18, 19
rem, 21, 44, 58, 70, 76, 79, 80, 81, 81, 82, 82, 82, 83, 84, 86, 87, 87, 87, 87, 88, 89, 89, 90, 91, 91, 92, 92, 92
timesteps, 0, 1, 2, 3, 4, 5, 6, 7, 8, 10, 12, 47, 48, 18, 23, 25, 28
events, 86, 51, 35, 10, 8, 7, 2, 2, 4, 1, 1, 1, 2, 1, 1, 1, 3
sus, 679, 676, 676, 676, 676, 676, 675, 675, 675, 675, 675, 674, 674, 675, 675, 675, 674
exp, 5, 6, 5, 3, 3, 2, 3, 3, 3, 2, 2, 0, 0, 1, 0, 0, 1
inf, 48, 28, 12, 10, 4, 3, 3, 2, 0, 1, 0, 1, 0, 1, 2, 1, 0
dead, 12, 7, 4, 1, 3, 1, 0, 0, 0, 0, 0, 0, 0, 0, 0, 0, 0
rec, 9, 12, 15, 18, 20, 20, 20, 20, 20, 20, 21, 22, 22, 21, 21, 22, 22
rem, 28, 52, 69, 73, 75, 79, 80, 81, 83, 83, 83, 84, 85, 83, 83, 83, 84
timesteps, 0, 1, 2, 3, 4, 5, 6, 7, 8, 9, 10, 11, 12, 13, 14, 15, 17, 18, 19, 20, 21, 22, 24, 25, 29
events, 73, 55, 28, 12, 9, 6, 4, 3, 1, 2, 2, 2, 1, 3, 1, 3, 1, 1, 3, 2, 1, 2, 1, 2, 1
sus, 684, 680, 678, 678, 677, 677, 677, 677, 676, 676, 676, 676, 676, 675, 675, 674, 674, 674, 674, 674, 674, 674, 674, 674, 674
exp, 3, 6, 7, 5, 6, 5, 5, 4, 5, 5, 4, 4, 4, 5, 4, 5, 4, 4, 2, 2, 1, 0, 0, 0, 0
inf, 49, 26, 17, 13, 8, 6, 4, 4, 4, 3, 3, 2, 2, 0, 1, 0, 1, 0, 2, 1, 2, 2, 1, 1, 0
dead, 14, 7, 2, 0, 2, 1, 1, 0, 0, 0, 1, 1, 0, 1, 1, 0, 0, 1, 0, 0, 0, 1, 2, 0, 0
rec, 6, 11, 11, 15, 15, 17, 17, 18, 18, 18, 18, 18, 18, 19, 19, 20, 20, 20, 20, 20, 20, 20, 20, 20, 21
rem, 25, 51, 66, 70, 73, 75, 77, 78, 78, 79, 79, 80, 81, 81, 81, 82, 82, 82, 83, 84, 84, 84, 84, 86, 86
timesteps, 0, 1, 2, 3, 4, 5, 6, 7, 8, 10, 11, 13, 14, 16, 20, 21, 22, 29, 30, 31, 32, 33, 35, 37, 38, 40, 43, 61, 63
events, 70, 64, 35, 21, 10, 2, 7, 2, 4, 1, 2, 2, 2, 2, 1, 1, 1, 1, 1, 2, 1, 1, 1, 1, 1, 1, 1, 1, 2
sus, 671, 667, 666, 665, 664, 664, 664, 664, 664, 664, 664, 664, 664, 663, 663, 663, 663, 663, 663, 663, 663, 662, 662, 662, 662, 661, 661, 661, 661
exp, 1, 4, 5, 6, 7, 5, 4, 4, 4, 4, 3, 2, 2, 3, 2, 2, 2, 1, 1, 0, 0, 1, 1, 0, 0, 1, 1, 0, 0
inf, 63, 32, 17, 9, 4, 6, 4, 3, 1, 0, 1, 1, 0, 0, 1, 0, 0, 1, 0, 1, 0, 0, 0, 1, 0, 0, 0, 1, 0
dead, 14, 14, 6, 1, 1, 1, 0, 0, 0, 1, 0, 1, 1, 0, 0, 1, 0, 0, 1, 0, 1, 1, 0, 0, 1, 1, 0, 0, 0
rec, 9, 14, 18, 19, 20, 20, 21, 21, 21, 21, 21, 21, 21, 21, 21, 21, 21, 21, 21, 21, 21, 21, 21, 21, 21, 21, 21, 21, 21
rem, 23, 50, 69, 81, 85, 85, 88, 89, 91, 91, 92, 92, 93, 94, 94, 94, 95, 95, 95, 96, 96, 96, 97, 97, 97, 97, 98, 98, 99
timesteps, 0, 1, 2, 3, 4, 5, 6, 7, 8, 9, 10, 17, 18, 20, 21, 22, 23, 24, 27, 30, 31, 32, 33, 36, 39, 41
events, 82, 44, 41, 15, 13, 12, 3, 4, 2, 4, 3, 1, 1, 1, 2, 4, 3, 1, 1, 2, 2, 1, 1, 1, 1, 2
sus, 670, 665, 663, 663, 663, 663, 663, 663, 663, 663, 663, 663, 663, 662, 662, 662, 661, 661, 661, 661, 661, 661, 660, 660, 660, 660
exp, 3, 8, 10, 9, 8, 5, 5, 5, 5, 4, 4, 3, 2, 3, 2, 2, 2, 2, 2, 0, 0, 0, 1, 1, 0, 0
inf, 58, 35, 17, 14, 8, 7, 5, 3, 1, 1, 0, 1, 2, 2, 2, 0, 1, 0, 0, 2, 1, 0, 0, 0, 1, 0
dead, 10, 11, 8, 1, 3, 2, 1, 1, 2, 1, 0, 0, 0, 0, 1, 1, 0, 1, 0, 0, 0, 1, 1, 0, 0, 0
rec, 15, 21, 21, 22, 22, 22, 24, 24, 25, 25, 25, 25, 25, 25, 25, 25, 25, 25, 25, 25, 25, 25, 25, 25, 25, 25
rem, 25, 41, 62, 72, 77, 82, 83, 85, 85, 87, 89, 89, 89, 89, 89, 91, 92, 92, 93, 93, 94, 94, 94, 95, 95, 96
timesteps, 0, 1, 2, 3, 4, 5, 6, 7, 8, 9, 10, 11, 12, 13, 14, 15, 16, 17, 18, 19, 25, 32, 33, 49, 50
events, 75, 29, 40, 34, 9, 6, 3, 1, 1, 3, 1, 1, 1, 1, 2, 2, 1, 4, 2, 2, 1, 1, 2, 1, 2
sus, 680, 677, 675, 673, 673, 673, 673, 673, 673, 672, 672, 672, 672, 672, 672, 672, 672, 671, 671, 671, 671, 671, 671, 671, 671
exp, 4, 7, 8, 9, 8, 8, 7, 6, 6, 7, 6, 6, 6, 5, 5, 4, 3, 4, 2, 2, 2, 1, 1, 0, 0
inf, 52, 38, 22, 10, 6, 2, 2, 3, 2, 1, 2, 1, 1, 2, 0, 1, 2, 0, 2, 1, 0, 1, 0, 1, 0
dead, 11, 12, 8, 1, 0, 1, 0, 0, 1, 1, 1, 1, 0, 0, 1, 0, 0, 0, 0, 0, 0, 0, 0, 0, 0
rec, 10, 11, 12, 14, 17, 18, 19, 19, 19, 19, 19, 20, 20, 20, 21, 21, 21, 22, 22, 22, 23, 23, 23, 23, 23
rem, 24, 36, 56, 74, 77, 79, 80, 80, 80, 81, 81, 81, 82, 82, 82, 83, 83, 84, 84, 85, 85, 85, 86, 86, 87
timesteps, 0, 1, 2, 3, 4, 5, 6, 7, 8, 9, 10, 11, 12, 13, 14, 15, 17, 18, 20, 21, 22, 23, 24, 26, 27, 38, 39, 40, 41, 42, 43, 53, 54, 62, 63, 64
events, 82, 49, 29, 14, 9, 6, 7, 7, 7, 3, 2, 3, 2, 2, 2, 1, 1, 4, 2, 3, 4, 3, 1, 1, 1, 1, 1, 1, 1, 1, 1, 1, 2, 1, 1, 1
sus, 674, 668, 666, 666, 666, 665, 664, 664, 662, 662, 662, 662, 662, 662, 661, 661, 661, 661, 661, 661, 661, 661, 661, 661, 661, 661, 661, 660, 660, 660, 660, 660, 660, 660, 660, 660
exp, 6, 12, 14, 13, 12, 13, 12, 11, 12, 12, 11, 10, 10, 9, 10, 9, 8, 8, 6, 5, 4, 4, 3, 3, 3, 2, 2, 3, 3, 2, 2, 1, 1, 0, 0, 0
inf, 55, 28, 15, 10, 8, 6, 5, 4, 2, 1, 2, 2, 1, 1, 0, 1, 2, 0, 2, 2, 1, 0, 1, 0, 0, 1, 0, 0, 0, 1, 0, 1, 0, 1, 0, 0
dead, 5, 10, 7, 3, 1, 0, 2, 0, 2, 1, 0, 0, 0, 0, 0, 0, 0, 0, 0, 0, 1, 0, 0, 1, 0, 0, 1, 1, 0, 0, 0, 0, 0, 0, 1, 0
rec, 11, 17, 19, 22, 22, 22, 22, 22, 22, 22, 22, 22, 22, 23, 24, 24, 24, 24, 24, 24, 24, 24, 24, 24, 24, 24, 24, 24, 24, 24, 25, 25, 25, 25, 25, 25
rem, 30, 46, 60, 67, 72, 75, 76, 80, 81, 83, 84, 85, 86, 86, 86, 86, 86, 88, 88, 89, 90, 92, 92, 92, 93, 93, 93, 93, 94, 94, 94, 94, 95, 95, 95, 96
timesteps, 0, 1, 2, 3, 4, 5, 6, 7, 8, 9, 10, 12, 13, 14, 18, 19, 20, 21, 25, 27, 32, 35, 52, 53
events, 81, 45, 24, 21, 6, 5, 6, 5, 3, 2, 1, 2, 1, 1, 1, 1, 1, 1, 1, 2, 1, 2, 1, 1
sus, 681, 679, 676, 674, 673, 673, 673, 673, 673, 673, 673, 673, 673, 673, 673, 673, 673, 673, 673, 673, 673, 673, 673, 673
exp, 4, 5, 7, 9, 10, 9, 7, 7, 6, 6, 5, 5, 5, 5, 4, 3, 3, 3, 2, 2, 1, 1, 0, 0
inf, 51, 28, 15, 6, 3, 4, 4, 2, 2, 1, 2, 1, 0, 0, 1, 2, 1, 0, 1, 0, 1, 0, 1, 0
dead, 6, 7, 8, 4, 5, 1, 1, 0, 0, 0, 0, 0, 1, 0, 0, 0, 0, 0, 0, 0, 0, 0, 0, 0
rec, 13, 18, 25, 28, 28, 28, 28, 28, 28, 28, 28, 28, 28, 28, 28, 28, 29, 30, 30, 30, 30, 30, 30, 31
rem, 26, 44, 50, 60, 62, 66, 68, 71, 72, 73, 73, 74, 74, 75, 75, 75, 75, 75, 75, 76, 76, 77, 77, 77
timesteps, 0, 1, 2, 3, 4, 5, 6, 7, 8, 9, 10, 11, 12, 13, 14, 17, 18, 22, 27, 29, 30, 32, 33, 35
events, 66, 60, 38, 21, 15, 6, 9, 9, 5, 3, 5, 5, 4, 3, 3, 1, 2, 2, 1, 1, 1, 2, 1, 1
sus, 670, 661, 660, 658, 655, 654, 654, 654, 654, 654, 654, 654, 654, 654, 654, 654, 654, 654, 654, 654, 654, 654, 654, 654
exp, 3, 11, 12, 14, 16, 16, 14, 12, 10, 10, 8, 6, 6, 5, 4, 4, 3, 3, 2, 2, 1, 1, 0, 0
inf, 68, 40, 19, 12, 8, 7, 6, 4, 4, 2, 3, 3, 1, 1, 1, 0, 1, 0, 1, 0, 1, 0, 1, 0
dead, 8, 6, 10, 3, 2, 2, 1, 0, 0, 1, 0, 0, 0, 0, 0, 1, 0, 0, 0, 0, 0, 0, 0, 0
rec, 9, 19, 20, 22, 22, 22, 22, 24, 25, 25, 25, 26, 26, 26, 26, 26, 26, 26, 26, 27, 27, 27, 27, 28
rem, 23, 44, 60, 72, 78, 80, 84, 87, 88, 89, 91, 92, 94, 95, 96, 96, 97, 98, 98, 98, 98, 99, 99, 99
timesteps, 0, 1, 2, 3, 4, 5, 6, 7, 8, 10, 11, 12, 13, 14, 15, 21, 24, 26, 28, 29, 31, 39, 42
events, 75, 39, 30, 18, 5, 10, 3, 2, 5, 1, 1, 3, 3, 2, 2, 2, 2, 1, 1, 1, 1, 1, 1
sus, 681, 679, 677, 675, 675, 675, 675, 675, 675, 675, 675, 675, 675, 675, 674, 674, 674, 674, 674, 674, 674, 674, 674
exp, 2, 4, 6, 8, 8, 7, 7, 7, 6, 5, 5, 3, 3, 3, 4, 2, 2, 1, 1, 1, 1, 0, 0
inf, 54, 33, 18, 10, 7, 4, 3, 2, 1, 2, 1, 2, 0, 0, 0, 2, 1, 2, 1, 1, 0, 1, 0
dead, 9, 5, 5, 1, 2, 1, 0, 0, 0, 0, 1, 2, 3, 1, 0, 0, 0, 0, 1, 0, 0, 0, 0
rec, 8, 17, 19, 23, 23, 23, 23, 23, 23, 23, 23, 23, 23, 23, 23, 23, 23, 23, 23, 23, 24, 24, 25
rem, 27, 43, 56, 64, 66, 71, 73, 74, 76, 76, 76, 76, 77, 79, 80, 80, 81, 81, 81, 82, 82, 82, 82
timesteps, 0, 1, 2, 3, 4, 5, 6, 7, 8, 9, 11, 13, 14, 15, 16, 17, 19, 22, 23, 24, 25, 28, 44, 45
events, 79, 45, 23, 19, 9, 3, 3, 3, 1, 3, 2, 1, 2, 3, 3, 1, 1, 1, 2, 1, 1, 1, 1, 2
sus, 688, 685, 682, 681, 681, 681, 681, 681, 681, 681, 680, 680, 680, 680, 680, 680, 680, 680, 680, 680, 680, 680, 680, 680
exp, 4, 7, 9, 10, 9, 8, 7, 6, 6, 5, 6, 5, 5, 4, 3, 3, 3, 2, 2, 1, 1, 1, 0, 0
inf, 45, 21, 15, 6, 3, 3, 2, 2, 2, 2, 1, 2, 1, 1, 1, 0, 0, 1, 0, 1, 0, 0, 1, 0
dead, 8, 7, 1, 0, 0, 0, 1, 1, 0, 0, 1, 1, 0, 0, 0, 1, 0, 0, 0, 0, 1, 0, 0, 0
rec, 9, 16, 17, 18, 18, 18, 19, 19, 19, 19, 19, 19, 20, 20, 20, 20, 20, 20, 20, 20, 20, 20, 20, 20
rem, 27, 45, 57, 66, 70, 71, 71, 72, 73, 74, 74, 74, 75, 76, 77, 77, 78, 78, 79, 79, 79, 80, 80, 81
timesteps, 0, 1, 2, 3, 4, 5, 6, 7, 8, 9, 10, 12, 13, 14, 15, 17, 18, 20, 21
events, 74, 43, 30, 17, 13, 8, 3, 3, 3, 2, 1, 2, 1, 1, 1, 1, 1, 3, 4
sus, 680, 679, 676, 674, 674, 674, 674, 674, 674, 674, 674, 674, 674, 674, 674, 674, 674, 674, 674
exp, 4, 3, 6, 6, 6, 6, 6, 6, 5, 5, 4, 3, 3, 3, 3, 2, 1, 0, 0
inf, 54, 36, 21, 17, 9, 5, 3, 2, 1, 0, 1, 1, 0, 0, 0, 1, 2, 2, 0
dead, 6, 2, 4, 2, 1, 0, 1, 0, 0, 0, 0, 1, 2, 1, 0, 0, 0, 0, 0
rec, 10, 14, 15, 16, 20, 21, 21, 21, 23, 23, 23, 23, 23, 23, 23, 23, 23, 23, 23
rem, 27, 47, 59, 66, 71, 75, 76, 78, 78, 79, 79, 79, 79, 80, 81, 81, 81, 82, 84
timesteps, 0, 1, 2, 3, 4, 5, 6, 7, 8, 9, 10, 11, 13, 15, 17, 18, 19, 20, 21, 30, 31, 32, 39, 40, 42, 43, 46, 50, 51
events, 78, 51, 43, 25, 13, 13, 4, 4, 3, 3, 1, 3, 1, 2, 1, 1, 3, 2, 2, 1, 1, 1, 1, 1, 1, 1, 1, 1, 1
sus, 665, 663, 660, 659, 658, 656, 656, 656, 656, 655, 655, 655, 655, 655, 655, 655, 655, 655, 655, 655, 655, 655, 655, 654, 654, 654, 654, 654, 654
exp, 4, 6, 8, 6, 6, 8, 7, 6, 6, 7, 6, 6, 5, 5, 4, 4, 2, 2, 2, 1, 1, 1, 0, 1, 1, 1, 0, 0, 0
inf, 67, 39, 22, 15, 9, 4, 3, 3, 1, 0, 1, 0, 1, 0, 1, 0, 2, 1, 0, 1, 0, 0, 1, 1, 0, 0, 1, 0, 0
dead, 8, 12, 7, 3, 3, 1, 2, 0, 1, 1, 1, 0, 0, 0, 0, 1, 0, 0, 0, 0, 1, 0, 0, 0, 1, 0, 0, 1, 0
rec, 8, 11, 13, 16, 19, 20, 20, 21, 21, 21, 21, 21, 21, 21, 21, 21, 21, 21, 21, 21, 21, 21, 21, 21, 21, 21, 21, 21, 21
rem, 29, 50, 71, 82, 86, 92, 93, 95, 96, 97, 97, 99, 99, 100, 100, 100, 101, 102, 103, 103, 103, 104, 104, 104, 104, 105, 105, 105, 106
timesteps, 0, 1, 2, 3, 4, 5, 6, 7, 8, 10, 11, 12, 13, 17, 18, 19, 21, 22, 34, 35, 36, 37
events, 94, 41, 22, 16, 13, 5, 2, 6, 5, 4, 1, 3, 1, 1, 1, 2, 2, 3, 1, 2, 2, 1
sus, 674, 672, 670, 669, 668, 668, 668, 668, 667, 667, 667, 667, 667, 667, 667, 667, 667, 667, 667, 667, 667, 667
exp, 7, 9, 9, 9, 9, 8, 8, 6, 7, 7, 6, 5, 5, 5, 4, 2, 2, 2, 1, 0, 0, 0
inf, 42, 21, 16, 11, 6, 5, 4, 3, 1, 0, 1, 1, 0, 0, 1, 3, 2, 0, 1, 1, 0, 0
dead, 16, 13, 5, 2, 1, 0, 0, 2, 2, 0, 0, 0, 1, 0, 0, 0, 0, 0, 0, 1, 1, 0
rec, 13, 19, 23, 24, 26, 27, 27, 27, 27, 27, 27, 27, 27, 27, 27, 27, 27, 28, 28, 28, 28, 28
rem, 29, 47, 58, 66, 71, 73, 74, 75, 77, 80, 80, 81, 81, 82, 82, 82, 83, 84, 84, 84, 85, 86
timesteps, 0, 1, 2, 3, 4, 5, 6, 7, 8, 9, 10, 11, 12, 13, 14, 19, 20, 21, 23, 27, 29, 30, 31, 37, 40
events, 95, 43, 32, 17, 12, 8, 8, 3, 1, 3, 1, 1, 2, 1, 1, 1, 2, 2, 1, 2, 1, 1, 1, 1, 1
sus, 669, 667, 665, 663, 662, 661, 661, 661, 661, 661, 661, 661, 661, 661, 661, 661, 661, 661, 661, 661, 661, 661, 661, 661, 661
exp, 6, 6, 7, 9, 9, 10, 8, 8, 7, 6, 6, 6, 6, 5, 5, 4, 3, 3, 2, 2, 1, 1, 1, 0, 0
inf, 51, 34, 18, 9, 6, 4, 3, 2, 3, 3, 2, 1, 0, 1, 0, 1, 1, 0, 1, 0, 1, 0, 0, 1, 0
dead, 12, 7, 6, 8, 6, 3, 2, 0, 0, 0, 0, 0, 0, 0, 0, 0, 0, 0, 0, 0, 0, 1, 0, 0, 0
rec, 9, 13, 19, 20, 20, 20, 21, 22, 22, 22, 23, 24, 24, 24, 25, 25, 26, 26, 26, 26, 26, 26, 26, 26, 27
rem, 34, 54, 66, 72, 78, 83, 86, 88, 88, 89, 89, 89, 90, 90, 90, 90, 90, 91, 91, 92, 92, 92, 93, 93, 93
timesteps, 0, 1, 2, 3, 4, 5, 6, 7, 8, 9, 10, 11, 12, 46, 15, 16, 17, 18, 48
events, 102, 58, 41, 24, 20, 7, 1, 6, 4, 2, 3, 4, 3, 1, 3, 3, 2, 3, 2
sus, 649, 646, 644, 643, 642, 642, 642, 641, 641, 641, 641, 640, 639, 639, 639, 639, 639, 639, 639
exp, 5, 5, 6, 5, 5, 5, 5, 6, 6, 4, 4, 4, 5, 0, 2, 2, 1, 1, 0
inf, 68, 41, 24, 13, 7, 5, 4, 2, 0, 2, 1, 1, 0, 1, 3, 1, 2, 0, 0
dead, 14, 16, 9, 10, 6, 2, 2, 1, 1, 1, 0, 0, 0, 0, 0, 1, 0, 0, 0
rec, 9, 15, 20, 24, 24, 25, 26, 26, 26, 26, 26, 26, 26, 27, 26, 26, 26, 27, 27
rem, 36, 58, 78, 86, 97, 102, 102, 105, 107, 107, 109, 110, 111, 114, 111, 112, 113, 114, 115
timesteps, 0, 1, 2, 3, 4, 5, 6, 7, 8, 9, 10, 11, 15, 35, 21, 22, 41, 25, 37, 36
events, 59, 52, 40, 22, 17, 6, 8, 3, 2, 4, 2, 1, 2, 1, 1, 1, 2, 4, 2, 1
sus, 669, 667, 665, 664, 664, 664, 664, 664, 664, 664, 664, 664, 664, 664, 664, 664, 664, 664, 664, 664
exp, 4, 6, 7, 7, 6, 6, 6, 6, 5, 5, 5, 4, 4, 1, 3, 2, 0, 2, 0, 1
inf, 73, 45, 25, 17, 9, 8, 4, 3, 3, 1, 0, 1, 0, 1, 1, 2, 0, 0, 1, 0
dead, 7, 9, 11, 7, 6, 2, 1, 0, 0, 0, 0, 0, 0, 0, 0, 0, 0, 0, 0, 1
rec, 8, 12, 15, 17, 20, 20, 21, 21, 22, 22, 22, 22, 22, 22, 22, 22, 22, 22, 22, 22
rem, 20, 42, 58, 69, 76, 81, 85, 87, 87, 89, 90, 90, 91, 93, 91, 91, 95, 93, 94, 93
timesteps, 0, 1, 2, 3, 4, 5, 6, 7, 9, 10, 12, 13, 14, 15, 16, 18, 22, 23, 24, 25, 39, 40, 41, 44, 46, 47, 50, 51
events, 71, 45, 35, 26, 28, 5, 1, 6, 2, 2, 3, 1, 1, 1, 1, 2, 1, 1, 1, 2, 1, 2, 2, 1, 1, 1, 1, 1
sus, 668, 665, 664, 664, 662, 662, 662, 662, 662, 662, 662, 662, 662, 662, 662, 662, 662, 662, 662, 662, 662, 661, 661, 661, 661, 661, 661, 661
exp, 5, 8, 8, 8, 10, 10, 9, 8, 8, 6, 6, 5, 5, 5, 4, 4, 3, 3, 2, 2, 1, 2, 1, 1, 1, 0, 0, 0
inf, 71, 47, 30, 17, 5, 3, 4, 2, 1, 3, 1, 2, 1, 0, 1, 0, 1, 0, 1, 0, 1, 0, 1, 0, 0, 1, 0, 0
dead, 6, 8, 7, 6, 2, 0, 0, 0, 0, 0, 0, 0, 0, 0, 0, 0, 0, 0, 0, 0, 0, 1, 0, 1, 0, 0, 1, 0
rec, 6, 10, 14, 15, 17, 18, 18, 19, 19, 19, 20, 20, 21, 22, 22, 22, 22, 23, 23, 23, 23, 23, 23, 23, 23, 23, 23, 23
rem, 25, 43, 58, 71, 85, 88, 88, 90, 91, 91, 92, 92, 92, 92, 92, 93, 93, 93, 93, 94, 94, 94, 95, 95, 96, 96, 96, 97
timesteps, 0, 1, 2, 3, 4, 5, 6, 7, 8, 9, 10, 11, 13, 14, 15, 16, 17, 18, 19, 20, 21, 23, 24, 25
events, 85, 57, 42, 24, 5, 7, 6, 9, 3, 3, 5, 2, 1, 1, 2, 1, 1, 2, 1, 1, 1, 2, 1, 3
sus, 661, 660, 658, 656, 655, 654, 653, 653, 653, 653, 651, 651, 651, 651, 651, 651, 651, 651, 651, 651, 651, 651, 651, 651
exp, 3, 4, 5, 7, 8, 7, 7, 5, 4, 4, 5, 5, 5, 5, 3, 3, 3, 3, 2, 2, 2, 0, 0, 0
inf, 66, 35, 16, 8, 6, 6, 5, 4, 4, 2, 1, 1, 0, 0, 2, 1, 1, 0, 1, 0, 0, 2, 1, 0
dead, 11, 10, 8, 2, 1, 1, 1, 0, 0, 0, 2, 0, 1, 0, 0, 1, 0, 0, 0, 1, 0, 0, 1, 0
rec, 9, 16, 19, 19, 20, 20, 20, 20, 20, 21, 21, 21, 21, 21, 21, 21, 21, 21, 21, 21, 21, 21, 21, 21
rem, 31, 56, 75, 89, 91, 93, 95, 99, 100, 101, 101, 103, 103, 104, 104, 104, 105, 106, 106, 106, 107, 107, 107, 109
timesteps, 0, 1, 2, 3, 4, 5, 6, 7, 8, 9, 10, 13, 14, 15, 17, 18, 20, 21, 25, 27, 32, 33, 34, 35, 36, 74, 77
events, 66, 47, 31, 30, 8, 10, 4, 2, 3, 2, 1, 1, 2, 1, 2, 2, 1, 2, 1, 2, 1, 2, 2, 2, 2, 1, 2
sus, 681, 676, 675, 672, 672, 670, 670, 670, 669, 669, 669, 669, 669, 669, 669, 669, 669, 669, 669, 669, 669, 669, 669, 669, 669, 669, 669
exp, 2, 7, 8, 9, 8, 10, 9, 8, 9, 9, 9, 8, 6, 6, 6, 6, 5, 5, 4, 4, 3, 3, 1, 1, 1, 0, 0
inf, 55, 34, 18, 9, 6, 2, 2, 3, 2, 1, 0, 1, 3, 2, 1, 0, 1, 0, 1, 0, 1, 0, 2, 1, 0, 1, 0
dead, 12, 8, 7, 4, 3, 2, 1, 0, 0, 0, 0, 0, 0, 0, 0, 0, 0, 0, 0, 0, 0, 0, 0, 0, 0, 0, 0
rec, 10, 14, 17, 17, 19, 20, 20, 20, 20, 20, 21, 21, 21, 22, 22, 22, 22, 22, 22, 22, 22, 22, 22, 22, 22, 22, 22
rem, 21, 42, 56, 70, 73, 77, 79, 80, 81, 82, 82, 82, 82, 82, 83, 84, 84, 85, 85, 86, 86, 87, 87, 88, 89, 89, 90
timesteps, 0, 1, 2, 3, 4, 5, 6, 7, 8, 9, 10, 11, 12, 13, 14, 15, 16, 19, 23, 24, 25, 54, 55
events, 79, 43, 23, 13, 3, 8, 1, 2, 2, 1, 1, 2, 3, 1, 5, 1, 1, 1, 1, 1, 2, 1, 1
sus, 688, 686, 685, 684, 684, 683, 683, 683, 683, 683, 683, 683, 683, 683, 682, 682, 682, 682, 682, 682, 682, 682, 682
exp, 4, 6, 6, 7, 7, 8, 8, 6, 5, 4, 4, 4, 3, 2, 3, 3, 3, 2, 1, 1, 1, 0, 0
inf, 43, 20, 12, 6, 4, 1, 1, 3, 3, 4, 3, 2, 2, 3, 1, 0, 0, 1, 2, 1, 0, 1, 0
dead, 9, 8, 3, 1, 2, 1, 0, 0, 0, 0, 1, 1, 0, 0, 0, 1, 0, 0, 0, 0, 0, 0, 0
rec, 8, 14, 16, 18, 18, 18, 18, 18, 19, 19, 19, 19, 20, 20, 20, 20, 20, 20, 20, 21, 21, 21, 22
rem, 29, 47, 59, 65, 66, 70, 71, 71, 71, 71, 71, 72, 73, 73, 75, 75, 76, 76, 76, 76, 77, 77, 77
timesteps, 0, 1, 2, 3, 4, 5, 6, 7, 8, 9, 48, 43, 12, 13, 34, 21, 24, 25, 37, 36
events, 83, 44, 28, 27, 19, 11, 12, 1, 3, 2, 1, 1, 1, 1, 1, 1, 1, 1, 1, 1
sus, 673, 671, 668, 666, 666, 664, 663, 663, 663, 663, 663, 663, 663, 663, 663, 663, 663, 663, 663, 663
exp, 4, 6, 8, 7, 5, 3, 3, 3, 3, 3, 0, 0, 3, 3, 1, 2, 2, 2, 1, 1
inf, 51, 29, 18, 8, 6, 8, 4, 3, 2, 1, 0, 1, 0, 0, 1, 1, 0, 0, 0, 0
dead, 12, 12, 10, 13, 3, 1, 0, 1, 0, 0, 0, 0, 1, 0, 0, 0, 1, 0, 0, 1
rec, 15, 17, 19, 20, 21, 22, 23, 23, 23, 23, 24, 23, 23, 23, 23, 23, 23, 23, 23, 23
rem, 26, 46, 58, 67, 80, 83, 88, 88, 90, 91, 94, 94, 91, 92, 93, 92, 92, 93, 94, 93
timesteps, 0, 1, 2, 3, 4, 5, 6, 7, 8, 9, 10, 11, 12, 14, 15, 17, 18, 35, 32, 33, 30
events, 72, 40, 47, 21, 9, 8, 4, 5, 2, 3, 6, 7, 3, 3, 1, 2, 2, 2, 2, 1, 1
sus, 683, 678, 674, 672, 672, 672, 672, 672, 672, 672, 672, 671, 671, 671, 671, 671, 671, 671, 671, 671, 671
exp, 4, 8, 9, 11, 11, 10, 9, 9, 8, 6, 3, 3, 3, 3, 2, 2, 2, 0, 1, 0, 1
inf, 55, 39, 21, 11, 7, 5, 4, 2, 3, 4, 5, 4, 3, 1, 2, 1, 0, 0, 0, 1, 1
dead, 11, 8, 6, 5, 3, 2, 2, 1, 0, 1, 2, 1, 0, 0, 0, 0, 0, 0, 0, 0, 0
rec, 5, 8, 12, 14, 15, 15, 16, 16, 16, 16, 16, 16, 16, 17, 17, 17, 17, 17, 17, 17, 17
rem, 23, 40, 59, 68, 73, 77, 78, 81, 82, 82, 83, 86, 88, 89, 89, 90, 91, 93, 92, 92, 91
timesteps, 0, 1, 2, 3, 4, 5, 6, 7, 8, 9, 10, 11, 12, 13, 15, 17, 18, 21, 22, 24, 25
events, 63, 59, 37, 23, 17, 7, 6, 3, 1, 1, 3, 1, 4, 2, 2, 3, 1, 1, 2, 1, 1
sus, 666, 665, 664, 662, 661, 661, 661, 661, 661, 661, 661, 660, 660, 660, 660, 660, 660, 660, 660, 660, 660
exp, 3, 4, 5, 6, 7, 6, 6, 6, 6, 5, 4, 5, 4, 4, 2, 2, 1, 1, 0, 0, 0
inf, 76, 40, 22, 15, 7, 7, 4, 2, 2, 3, 2, 2, 1, 0, 2, 0, 1, 0, 1, 0, 0
dead, 7, 14, 12, 6, 5, 1, 1, 1, 0, 0, 0, 0, 0, 0, 0, 0, 0, 1, 0, 1, 0
rec, 5, 12, 14, 16, 17, 17, 17, 18, 18, 18, 20, 20, 21, 21, 21, 22, 22, 22, 22, 22, 22
rem, 24, 46, 64, 76, 84, 89, 92, 93, 94, 94, 94, 94, 95, 96, 96, 97, 97, 97, 98, 98, 99
timesteps, 0, 1, 2, 3, 4, 5, 6, 7, 8, 9, 10, 11, 12, 13, 22, 23, 24, 27, 30, 51, 53, 55, 69, 70
events, 70, 59, 29, 20, 12, 10, 6, 4, 6, 1, 4, 3, 1, 4, 1, 1, 1, 1, 2, 1, 1, 1, 1, 1
sus, 675, 670, 667, 665, 665, 664, 664, 664, 664, 664, 664, 664, 664, 664, 664, 664, 664, 664, 664, 664, 664, 664, 664, 664
exp, 1, 6, 9, 11, 10, 10, 9, 8, 7, 6, 5, 5, 4, 4, 3, 3, 3, 2, 2, 1, 1, 1, 0, 0
inf, 63, 33, 22, 12, 9, 6, 4, 3, 3, 4, 3, 1, 2, 0, 1, 0, 0, 1, 0, 1, 0, 0, 1, 0
dead, 9, 9, 5, 6, 2, 1, 2, 3, 0, 0, 1, 2, 2, 0, 0, 1, 0, 0, 0, 0, 1, 0, 0, 0
rec, 8, 14, 14, 15, 16, 17, 17, 17, 17, 17, 17, 17, 17, 19, 19, 19, 19, 19, 19, 19, 19, 19, 19, 20
rem, 25, 49, 64, 72, 79, 83, 85, 86, 90, 90, 91, 92, 92, 94, 94, 94, 95, 95, 96, 96, 96, 97, 97, 97
timesteps, 0, 1, 2, 3, 4, 5, 6, 7, 8, 9, 11, 12, 13, 14, 15, 16, 17, 20, 21, 22, 23, 24, 25, 31, 32, 37, 40, 41, 62, 63
events, 97, 51, 42, 22, 14, 11, 12, 6, 6, 1, 1, 2, 1, 2, 3, 2, 1, 4, 2, 2, 1, 1, 2, 2, 1, 2, 1, 2, 1, 1
sus, 657, 650, 648, 646, 645, 644, 644, 643, 643, 643, 643, 643, 643, 642, 642, 642, 642, 642, 642, 641, 641, 641, 641, 641, 641, 641, 641, 641, 641, 641
exp, 4, 10, 9, 11, 11, 11, 8, 9, 9, 8, 7, 7, 6, 6, 5, 5, 5, 4, 4, 5, 4, 4, 3, 3, 2, 2, 1, 1, 0, 0
inf, 64, 42, 27, 17, 13, 8, 7, 4, 1, 2, 3, 2, 3, 4, 3, 2, 2, 1, 0, 0, 1, 0, 1, 0, 1, 0, 1, 0, 1, 0
dead, 11, 11, 6, 4, 0, 1, 0, 0, 0, 0, 0, 0, 0, 0, 1, 1, 0, 1, 1, 0, 0, 1, 0, 0, 0, 0, 0, 0, 0, 0
rec, 8, 11, 15, 17, 19, 21, 21, 22, 22, 22, 22, 22, 22, 22, 23, 23, 23, 23, 23, 23, 23, 23, 23, 23, 23, 23, 23, 23, 23, 24
rem, 37, 57, 76, 86, 93, 96, 101, 103, 106, 106, 106, 107, 107, 107, 107, 108, 109, 110, 111, 112, 112, 112, 113, 114, 114, 115, 115, 116, 116, 116
timesteps, 0, 1, 2, 3, 4, 5, 6, 7, 8, 9, 10, 11, 12, 13, 14, 15, 16, 17, 18, 21, 22, 24, 25, 40, 41
events, 87, 59, 27, 15, 8, 6, 3, 7, 4, 4, 2, 5, 3, 4, 2, 1, 4, 1, 2, 1, 1, 2, 1, 1, 2
sus, 675, 669, 667, 666, 666, 666, 665, 665, 664, 664, 663, 662, 662, 662, 662, 662, 661, 661, 661, 661, 661, 661, 661, 661, 661
exp, 3, 8, 10, 10, 9, 8, 8, 8, 7, 6, 7, 7, 5, 3, 3, 3, 4, 3, 3, 2, 1, 1, 1, 0, 0
inf, 49, 24, 12, 5, 5, 5, 5, 1, 3, 3, 2, 2, 3, 3, 2, 1, 0, 1, 0, 1, 2, 0, 0, 1, 0
dead, 17, 9, 6, 8, 3, 0, 1, 2, 1, 0, 1, 0, 0, 1, 1, 1, 0, 0, 0, 0, 0, 1, 0, 0, 0
rec, 9, 17, 19, 20, 20, 20, 20, 20, 20, 20, 20, 20, 21, 22, 22, 23, 23, 23, 23, 23, 23, 24, 24, 24, 24
rem, 28, 54, 67, 72, 78, 82, 82, 85, 86, 88, 88, 90, 90, 90, 91, 91, 93, 93, 94, 94, 94, 94, 95, 95, 96
timesteps, 0, 1, 2, 3, 4, 5, 6, 7, 8, 9, 10, 11, 12, 16, 18, 20, 21, 24, 25, 28, 31, 32
events, 65, 54, 34, 12, 8, 2, 4, 2, 1, 1, 5, 1, 1, 1, 1, 2, 2, 1, 3, 2, 2, 1
sus, 685, 682, 680, 679, 679, 679, 679, 679, 679, 679, 679, 679, 679, 679, 679, 679, 679, 679, 678, 678, 678, 678
exp, 6, 8, 9, 9, 8, 8, 8, 7, 6, 5, 5, 4, 4, 4, 3, 2, 2, 1, 2, 0, 0, 0
inf, 53, 21, 10, 6, 3, 2, 0, 1, 2, 3, 0, 1, 0, 0, 1, 1, 0, 1, 0, 2, 1, 0
dead, 6, 15, 5, 1, 1, 1, 1, 0, 0, 0, 0, 0, 1, 0, 0, 0, 0, 0, 0, 0, 0, 0
rec, 11, 18, 21, 25, 26, 26, 26, 26, 26, 26, 27, 27, 27, 27, 27, 28, 28, 28, 28, 28, 28, 29
rem, 20, 37, 56, 61, 64, 65, 67, 68, 68, 68, 70, 70, 70, 71, 71, 71, 72, 72, 73, 73, 74, 74
timesteps, 0, 1, 2, 3, 4, 5, 6, 7, 8, 9, 10, 14, 16, 18, 19, 20, 21, 22, 42, 43, 45, 46, 50, 65, 68, 70, 75, 76
events, 57, 44, 33, 21, 20, 6, 3, 4, 3, 5, 1, 1, 1, 1, 1, 1, 3, 2, 1, 2, 1, 1, 2, 1, 1, 1, 1, 2
sus, 681, 680, 679, 678, 678, 677, 677, 677, 677, 677, 677, 677, 677, 676, 676, 676, 676, 676, 676, 676, 676, 675, 675, 675, 674, 674, 674, 674
exp, 5, 6, 7, 7, 6, 6, 6, 5, 4, 4, 4, 3, 3, 4, 4, 3, 2, 2, 1, 1, 0, 1, 1, 0, 1, 1, 0, 0
inf, 61, 41, 23, 14, 4, 4, 3, 3, 3, 0, 0, 1, 0, 0, 0, 1, 1, 0, 1, 0, 1, 1, 0, 1, 1, 0, 1, 0
dead, 15, 9, 7, 4, 4, 2, 1, 0, 0, 1, 0, 0, 1, 1, 0, 0, 0, 0, 0, 0, 0, 0, 0, 0, 0, 0, 0, 0
rec, 3, 6, 12, 16, 19, 19, 19, 19, 19, 19, 19, 19, 19, 19, 19, 19, 19, 19, 19, 19, 19, 19, 19, 19, 19, 20, 20, 20
rem, 16, 39, 53, 62, 70, 73, 75, 77, 78, 80, 81, 81, 81, 81, 82, 82, 83, 84, 84, 85, 85, 85, 86, 86, 86, 86, 86, 87
timesteps, 0, 1, 2, 3, 4, 5, 6, 7, 8, 9, 10, 11, 12, 15, 16, 17, 20, 21, 22, 24, 25, 26, 31, 32, 36, 44, 46, 52, 55, 56, 78, 82
events, 98, 53, 24, 25, 12, 8, 4, 3, 3, 5, 2, 2, 3, 1, 2, 2, 3, 1, 2, 3, 1, 1, 1, 2, 1, 2, 1, 1, 1, 2, 1, 1
sus, 665, 659, 658, 657, 656, 655, 655, 655, 655, 655, 655, 655, 655, 655, 655, 655, 655, 655, 655, 655, 655, 655, 655, 655, 655, 654, 654, 654, 654, 653, 653, 653
exp, 5, 10, 10, 11, 12, 12, 12, 10, 9, 8, 7, 7, 7, 7, 5, 5, 4, 3, 3, 2, 2, 2, 1, 1, 0, 1, 1, 0, 0, 1, 0, 0
inf, 54, 32, 23, 11, 5, 4, 3, 4, 4, 2, 3, 2, 0, 0, 2, 1, 1, 2, 1, 1, 0, 0, 1, 0, 1, 0, 0, 1, 0, 0, 1, 0
dead, 18, 12, 6, 4, 4, 2, 0, 0, 0, 2, 1, 0, 1, 0, 0, 0, 0, 0, 0, 0, 1, 0, 0, 0, 0, 1, 0, 0, 1, 0, 0, 0
rec, 5, 11, 15, 17, 18, 18, 18, 19, 19, 19, 19, 20, 20, 20, 20, 20, 20, 20, 20, 20, 20, 20, 20, 20, 20, 20, 20, 20, 20, 20, 20, 21
rem, 34, 57, 69, 81, 86, 90, 93, 93, 94, 95, 96, 97, 98, 99, 99, 100, 101, 101, 102, 103, 103, 104, 104, 105, 105, 105, 106, 106, 106, 107, 107, 107
timesteps, 0, 1, 2, 3, 4, 5, 6, 7, 9, 10, 11, 13, 22, 23, 34, 38, 42, 45, 46, 47, 59, 63
events, 88, 50, 41, 16, 5, 7, 6, 3, 1, 2, 1, 2, 1, 1, 1, 3, 1, 1, 1, 1, 1, 1
sus, 665, 663, 663, 662, 662, 662, 661, 661, 661, 661, 661, 661, 661, 661, 661, 660, 660, 660, 659, 659, 659, 659
exp, 2, 4, 2, 3, 3, 3, 4, 4, 3, 3, 2, 2, 1, 1, 0, 1, 0, 0, 1, 1, 0, 0
inf, 60, 34, 18, 10, 6, 3, 1, 0, 1, 0, 1, 0, 1, 0, 1, 0, 1, 0, 0, 0, 1, 0
dead, 13, 10, 3, 3, 5, 2, 1, 0, 0, 0, 0, 0, 0, 0, 0, 0, 0, 1, 1, 0, 0, 0
rec, 11, 18, 22, 23, 24, 26, 26, 26, 26, 26, 26, 26, 26, 27, 27, 27, 27, 27, 27, 27, 27, 28
rem, 30, 52, 73, 80, 81, 85, 88, 90, 90, 91, 91, 92, 92, 92, 92, 93, 93, 93, 93, 94, 94, 94
timesteps, 0, 1, 2, 3, 4, 5, 6, 7, 8, 9, 10, 11, 12, 15, 16
events, 73, 43, 25, 19, 17, 11, 4, 3, 4, 1, 6, 1, 2, 1, 1
sus, 681, 679, 678, 677, 676, 674, 674, 674, 674, 674, 674, 674, 674, 674, 674
exp, 3, 4, 4, 5, 4, 5, 4, 4, 2, 1, 0, 0, 0, 0, 0
inf, 50, 30, 23, 11, 7, 6, 6, 3, 4, 5, 3, 2, 1, 0, 0
dead, 12, 13, 6, 7, 5, 1, 0, 0, 0, 0, 0, 0, 0, 1, 0
rec, 12, 13, 13, 18, 18, 18, 18, 21, 21, 21, 22, 23, 23, 23, 23
rem, 23, 42, 57, 63, 71, 77, 79, 79, 80, 80, 82, 82, 83, 83, 84
timesteps, 0, 1, 2, 3, 4, 5, 6, 7, 8, 10, 13, 14, 15, 16, 17, 19
events, 75, 63, 23, 13, 8, 6, 3, 6, 1, 1, 3, 2, 1, 1, 2, 2
sus, 678, 675, 674, 674, 673, 673, 673, 673, 673, 673, 673, 673, 673, 673, 673, 673
exp, 2, 4, 5, 5, 6, 5, 4, 4, 4, 3, 2, 2, 1, 0, 0, 0
inf, 55, 27, 16, 10, 7, 4, 4, 0, 0, 1, 1, 0, 1, 2, 1, 0
dead, 13, 9, 4, 2, 0, 1, 0, 1, 0, 0, 0, 0, 0, 0, 0, 0
rec, 10, 13, 18, 19, 20, 22, 23, 24, 24, 24, 24, 24, 24, 24, 24, 24
rem, 23, 53, 64, 71, 75, 76, 77, 79, 80, 80, 81, 82, 82, 82, 83, 84
timesteps, 0, 1, 2, 3, 4, 5, 6, 7, 8, 9, 10, 11, 12, 13, 15, 40, 32, 86, 87, 38
events, 53, 45, 31, 20, 10, 4, 4, 2, 3, 5, 2, 4, 1, 7, 4, 1, 1, 1, 1, 1
sus, 687, 684, 684, 682, 681, 680, 680, 680, 680, 680, 680, 680, 680, 680, 680, 680, 680, 680, 680, 680
exp, 3, 5, 5, 7, 8, 9, 9, 8, 7, 5, 5, 5, 4, 2, 2, 1, 1, 0, 0, 1
inf, 57, 36, 19, 10, 6, 5, 4, 4, 4, 4, 3, 1, 2, 2, 0, 0, 1, 1, 0, 0
dead, 10, 8, 6, 4, 3, 2, 0, 0, 0, 1, 1, 1, 1, 0, 0, 0, 0, 0, 0, 1
rec, 10, 15, 20, 22, 22, 22, 22, 23, 23, 23, 23, 23, 23, 23, 23, 23, 23, 23, 24, 23
rem, 14, 33, 47, 56, 61, 63, 66, 66, 67, 68, 69, 71, 71, 74, 76, 77, 76, 77, 77, 76
timesteps, 0, 1, 2, 3, 4, 5, 6, 7, 8, 9, 10, 11, 12, 13, 16, 17, 18, 19, 20, 21, 25, 27, 29, 31, 32, 37, 38
events, 71, 57, 33, 11, 6, 5, 3, 5, 1, 1, 3, 1, 2, 1, 2, 1, 2, 1, 3, 2, 1, 2, 1, 1, 1, 1, 2
sus, 678, 675, 673, 672, 672, 672, 672, 672, 672, 672, 672, 672, 672, 672, 672, 672, 672, 672, 672, 672, 672, 672, 672, 672, 672, 672, 672
exp, 5, 8, 9, 10, 10, 10, 10, 9, 8, 8, 7, 7, 7, 6, 5, 5, 4, 4, 3, 3, 2, 2, 1, 1, 1, 0, 0
inf, 55, 26, 14, 8, 5, 3, 1, 1, 2, 1, 1, 1, 0, 1, 1, 1, 1, 1, 1, 0, 1, 0, 1, 0, 0, 1, 0
dead, 13, 10, 4, 4, 4, 3, 2, 0, 0, 1, 1, 0, 0, 0, 1, 0, 1, 0, 0, 0, 0, 0, 0, 1, 0, 0, 0
rec, 7, 14, 16, 18, 18, 18, 20, 20, 20, 20, 20, 20, 20, 20, 20, 20, 20, 20, 20, 20, 20, 20, 20, 20, 20, 20, 20
rem, 23, 48, 65, 69, 72, 75, 76, 79, 79, 79, 80, 81, 82, 82, 82, 83, 83, 84, 85, 86, 86, 87, 87, 87, 88, 88, 89
timesteps, 0, 1, 2, 3, 4, 5, 6, 7, 8, 9, 10, 11, 12, 13, 14, 15, 22, 23, 24, 25, 26, 28
events, 69, 51, 29, 14, 10, 2, 3, 1, 2, 1, 1, 2, 3, 1, 1, 2, 1, 1, 1, 1, 2, 1
sus, 682, 681, 679, 679, 679, 678, 678, 678, 678, 678, 678, 678, 678, 678, 678, 678, 678, 678, 678, 678, 678, 678
exp, 4, 5, 7, 6, 6, 7, 7, 7, 7, 6, 6, 5, 4, 3, 3, 3, 2, 2, 1, 1, 0, 0
inf, 53, 27, 14, 8, 4, 4, 2, 1, 0, 1, 0, 1, 1, 2, 1, 0, 1, 0, 1, 0, 1, 0
dead, 10, 7, 5, 4, 1, 0, 0, 0, 0, 0, 1, 0, 0, 0, 0, 0, 0, 0, 0, 1, 0, 0
rec, 9, 14, 15, 17, 18, 18, 19, 20, 20, 20, 20, 20, 20, 20, 21, 21, 21, 22, 22, 22, 22, 23
rem, 23, 47, 61, 67, 73, 74, 75, 75, 76, 76, 76, 77, 78, 78, 78, 79, 79, 79, 79, 79, 80, 80
timesteps, 0, 1, 2, 3, 4, 5, 6, 7, 8, 9, 10, 11, 12, 14, 15, 16, 17, 18, 19, 20, 31, 33
events, 89, 65, 39, 16, 10, 10, 6, 3, 4, 2, 5, 6, 2, 2, 5, 1, 3, 2, 3, 2, 1, 2
sus, 660, 653, 650, 650, 650, 649, 648, 648, 648, 648, 648, 648, 648, 648, 648, 648, 647, 647, 647, 647, 647, 647
exp, 6, 10, 12, 12, 12, 12, 13, 10, 9, 8, 6, 4, 4, 3, 2, 2, 3, 2, 1, 1, 0, 0
inf, 61, 35, 19, 10, 5, 4, 2, 5, 4, 4, 5, 5, 3, 3, 1, 1, 1, 1, 1, 0, 1, 0
dead, 12, 10, 5, 5, 5, 1, 0, 0, 0, 1, 0, 0, 1, 1, 3, 2, 0, 1, 1, 0, 0, 0
rec, 15, 20, 24, 26, 26, 26, 26, 26, 27, 27, 27, 27, 28, 29, 29, 29, 29, 29, 29, 30, 30, 30
rem, 27, 53, 71, 78, 83, 89, 92, 92, 93, 93, 95, 97, 97, 97, 98, 99, 101, 101, 102, 103, 103, 104
timesteps, 0, 1, 2, 3, 4, 5, 6, 7, 8, 9, 10, 12, 13, 14, 15, 17, 18, 19, 20, 21, 39, 40
events, 90, 56, 26, 18, 15, 4, 4, 3, 8, 4, 3, 1, 5, 2, 4, 4, 2, 3, 5, 3, 1, 1
sus, 666, 664, 662, 662, 659, 659, 659, 659, 659, 659, 658, 658, 658, 658, 658, 658, 658, 658, 658, 658, 658, 658
exp, 10, 12, 14, 14, 15, 15, 14, 11, 10, 9, 10, 9, 8, 8, 5, 5, 3, 2, 1, 1, 0, 0
inf, 53, 28, 16, 7, 5, 3, 3, 6, 4, 3, 2, 3, 2, 1, 3, 1, 3, 3, 2, 0, 1, 0
dead, 14, 6, 6, 6, 3, 2, 1, 1, 0, 0, 0, 0, 0, 0, 0, 0, 0, 0, 0, 0, 0, 0
rec, 10, 14, 14, 14, 15, 16, 16, 16, 16, 17, 17, 17, 17, 17, 18, 18, 18, 18, 18, 19, 19, 20
rem, 28, 57, 69, 78, 84, 86, 88, 88, 92, 93, 94, 94, 96, 97, 97, 99, 99, 100, 102, 103, 103, 103
timesteps, 0, 1, 2, 3, 4, 5, 6, 7, 8, 9, 10, 12, 13, 18, 19, 22, 24, 28, 29, 30, 31
events, 70, 42, 40, 20, 11, 8, 10, 2, 1, 4, 1, 1, 1, 1, 2, 1, 2, 1, 2, 1, 1
sus, 672, 669, 669, 669, 669, 668, 666, 666, 666, 666, 666, 666, 666, 666, 666, 666, 666, 666, 666, 666, 666
exp, 3, 6, 5, 4, 4, 4, 5, 5, 5, 4, 4, 4, 4, 3, 3, 2, 2, 1, 1, 0, 0
inf, 62, 37, 19, 12, 7, 6, 3, 2, 1, 1, 1, 0, 0, 1, 0, 1, 0, 1, 0, 1, 0
dead, 10, 14, 9, 5, 3, 1, 1, 1, 2, 1, 0, 1, 0, 0, 0, 0, 0, 0, 0, 0, 0
rec, 13, 20, 24, 25, 26, 26, 27, 27, 27, 27, 27, 27, 27, 27, 27, 27, 27, 27, 27, 27, 28
rem, 21, 35, 55, 66, 72, 76, 79, 80, 80, 82, 83, 83, 84, 84, 85, 85, 86, 86, 87, 87, 87
timesteps, 0, 1, 2, 3, 4, 5, 6, 7, 40, 9, 10, 11, 13, 14, 45, 16, 17, 19, 34, 36, 28
events, 55, 50, 32, 5, 3, 2, 3, 4, 1, 1, 5, 1, 1, 1, 2, 2, 3, 2, 1, 1, 1
sus, 693, 690, 689, 689, 689, 689, 689, 689, 688, 689, 688, 688, 688, 688, 688, 688, 688, 688, 688, 688, 688
exp, 2, 4, 5, 5, 5, 5, 5, 5, 0, 4, 5, 5, 4, 3, 0, 2, 2, 2, 1, 1, 1
inf, 49, 26, 9, 8, 5, 5, 2, 1, 1, 2, 0, 0, 1, 2, 0, 2, 1, 0, 0, 0, 1
dead, 14, 6, 4, 1, 3, 1, 3, 1, 0, 1, 1, 0, 0, 0, 0, 1, 0, 0, 1, 0, 0
rec, 9, 19, 24, 24, 25, 25, 26, 26, 26, 26, 26, 26, 26, 26, 26, 26, 26, 26, 26, 26, 26
rem, 14, 36, 50, 54, 54, 56, 56, 59, 66, 59, 61, 62, 62, 62, 67, 62, 64, 65, 65, 66, 65
